"Anio","Personas","Promedio","Desviacion"
2012,25,127.48,1.53079500042734
2013,25,127.68,1.65126214353344
2014,26,127.307692307692,1.56892908110547
2015,17,126.764705882353,1.52189896858768
2016,13,127.923076923077,1.93483584409369
