"Anio","Cantidad","Sistolica","Diastolica"
2012,39,172.205128205128,102.076923076923
2013,35,170,107.628571428571
2014,34,168,103.705882352941
2015,43,171.395348837209,104.697674418605
2016,39,167.333333333333,104.051282051282
