"Anio","Cantidad","Media"
2012,154,74.974025974026
2013,148,78.4662162162162
2014,151,70.6754966887417
2015,157,67.5732484076433
2016,153,79.3071895424837
