"Anio","Cantidad","Media"
2012,39,27.4998666169838
2013,50,27.6218387891352
2014,40,27.4062340404838
2015,36,27.7373928356295
2016,46,27.5215018596095
