"Anio","Tabaco","Promedio","Desviacion"
2012,1.93617021276596,1.93617021276596,1.24268622185365
2013,1.68604651162791,1.68604651162791,1.11947075633167
2014,1.95180722891566,1.95180722891566,1.25817923475806
2015,1.8452380952381,1.8452380952381,1.20734746218099
2016,1.47619047619048,1.47619047619048,0.828355759614501
