"Anio","Alcohol","Promedio","Desviacion"
2012,13.1538461538462,13.1538461538462,3.62505526040992
2013,14.3125,14.3125,4.06150628872261
2014,13.1111111111111,13.1111111111111,3.48010216963685
2015,12.9285714285714,12.9285714285714,3.79198112852911
2016,12.9333333333333,12.9333333333333,3.57504578725258
