"Anio","Cantidad","Media"
2012,77,34.9689761250485
2013,76,35.0109715203411
2014,79,35.2205883055642
2015,88,34.8849775179247
2016,70,34.064774118763
