"Anio","Tabaquismo"
2010,1.76470588235294
2011,1.78947368421053
2012,1.58333333333333
2013,1.33333333333333
2014,1.81818181818182
2015,2.15789473684211
2016,2.38888888888889
